nome_arquivo,lote,rotulador
PSP_EXTRATLEITIMPL_210526_0335_20000000017502970909_000.jpg,2026-05-21,joao
PSP_EXTRATLEITIMPL_210526_0335_20000000013202954904_000.jpg,2026-05-21,joao
PSP_EXTRATLEITIMPL_030726_0121_20000000016353006004_000.jpg,2026-07-03,joao
PSP_EXTRATLEITIMPL_200526_0352_20000000010402952856_000.jpg,2026-05-20,joao
PSP_EXTRATLEITIMPL_030726_0121_20000000006053000342_000.jpg,2026-07-03,joao
PSP_EXTRATLEITIMPL_210526_0335_20000000011152965773_000.jpg,2026-05-21,joao
PSP_EXTRATLEITIMPL_030726_0121_20000000008952978509_000.jpg,2026-07-03,joao
PSP_EXTRATLEITIMPL_030726_0121_20000000013602990534_000.jpg,2026-07-03,joao
PSP_EXTRATLEITIMPL_030726_0121_20000000006352992729_000.jpg,2026-07-03,joao
PSP_EXTRATLEITIMPL_210526_0335_20000000009652975382_000.jpg,2026-05-21,joao
PSP_EXTRATLEITIMPL_210526_0335_20000000005552983025_000.jpg,2026-05-21,joao
PSP_EXTRATLEITIMPL_030726_0121_20000000008103014177_000.jpg,2026-07-03,joao
PSP_EXTRATLEITIMPL_220526_0408_20000000019652992001_000.jpg,2026-05-22,joao
PSP_EXTRATLEITIMPL_200526_0352_20000000009252966695_000.jpg,2026-05-20,joao
PSP_EXTRATLEITIMPL_200526_0352_20000000003652984676_000.jpg,2026-05-20,joao
PSP_EXTRATLEITIMPL_220526_0408_20000000006652994037_000.jpg,2026-05-22,joao
PSP_EXTRATLEITIMPL_210526_0335_20000000016202957882_000.jpg,2026-05-21,joao
PSP_EXTRATLEITIMPL_200526_0352_20000000004552978579_000.jpg,2026-05-20,joao
PSP_EXTRATLEITIMPL_030726_0121_20000000003253027177_000.jpg,2026-07-03,joao
PSP_EXTRATLEITIMPL_210526_0335_20000000015702971304_000.jpg,2026-05-21,joao
PSP_EXTRATLEITIMPL_210526_0335_20000000019402976863_000.jpg,2026-05-21,joao
PSP_EXTRATLEITIMPL_030726_0121_20000000015752994174_000.jpg,2026-07-03,joao
PSP_EXTRATLEITIMPL_030726_0121_20000000019953006458_000.jpg,2026-07-03,joao
PSP_EXTRATLEITIMPL_030726_0121_20000000010102988543_000.jpg,2026-07-03,joao
PSP_EXTRATLEITIMPL_200526_0352_20000000012252962840_000.jpg,2026-05-20,joao
PSP_EXTRATLEITIMPL_210526_0335_20000000015302974850_000.jpg,2026-05-21,joao
PSP_EXTRATLEITIMPL_220526_0408_20000000015252988311_000.jpg,2026-05-22,joao
PSP_EXTRATLEITIMPL_220526_0408_20000000017303006024_000.jpg,2026-05-22,joao
PSP_EXTRATLEITIMPL_210526_0335_20000000013902975503_000.jpg,2026-05-21,joao
PSP_EXTRATLEITIMPL_220526_0408_20000000017403004013_000.jpg,2026-05-22,joao
PSP_EXTRATLEITIMPL_030726_0121_20000000000003015339_000.jpg,2026-07-03,joao
PSP_EXTRATLEITIMPL_030726_0121_20000000015602996517_000.jpg,2026-07-03,joao
PSP_EXTRATLEITIMPL_210526_0335_20000000003852988015_000.jpg,2026-05-21,joao
PSP_EXTRATLEITIMPL_220526_0408_20000000018902980759_000.jpg,2026-05-22,joao
PSP_EXTRATLEITIMPL_210526_0335_20000000000002992358_000.jpg,2026-05-21,joao
PSP_EXTRATLEITIMPL_210526_0335_20000000015652956910_001.jpg,2026-05-21,joao
PSP_EXTRATLEITIMPL_030726_0121_20000000013103010092_000.jpg,2026-07-03,joao
PSP_EXTRATLEITIMPL_220526_0408_20000000002252981663_000.jpg,2026-05-22,joao
PSP_EXTRATLEITIMPL_200526_0352_20000000007802987168_000.jpg,2026-05-20,joao
PSP_EXTRATLEITIMPL_200526_0352_20000000010402964378_000.jpg,2026-05-20,joao
PSP_EXTRATLEITIMPL_200526_0352_20000000006702968892_000.jpg,2026-05-20,joao
PSP_EXTRATLEITIMPL_200526_0352_20000000009102975085_000.jpg,2026-05-20,joao
PSP_EXTRATLEITIMPL_220526_0408_20000000017452969917_000.jpg,2026-05-22,joao
PSP_EXTRATLEITIMPL_200526_0352_20000000011802964883_000.jpg,2026-05-20,joao
PSP_EXTRATLEITIMPL_200526_0352_20000000013752964727_000.jpg,2026-05-20,joao
PSP_EXTRATLEITIMPL_220526_0408_20000000019802980908_000.jpg,2026-05-22,joao
PSP_EXTRATLEITIMPL_210526_0335_20000000001002973036_000.jpg,2026-05-21,joao
PSP_EXTRATLEITIMPL_200526_0352_20000000017602980118_000.jpg,2026-05-20,joao
PSP_EXTRATLEITIMPL_220526_0408_20000000009402941958_000.jpg,2026-05-22,joao
PSP_EXTRATLEITIMPL_220526_0408_20000000001502967891_000.jpg,2026-05-22,joao
PSP_EXTRATLEITIMPL_200526_0352_20000000007052960941_000.jpg,2026-05-20,joao
PSP_EXTRATLEITIMPL_220526_0408_20000000005452984065_000.jpg,2026-05-22,joao
PSP_EXTRATLEITIMPL_210526_0335_20000000013052969547_000.jpg,2026-05-21,joao
PSP_EXTRATLEITIMPL_220526_0408_20000000015602967916_000.jpg,2026-05-22,joao
PSP_EXTRATLEITIMPL_220526_0408_20000000007402973680_000.jpg,2026-05-22,joao
PSP_EXTRATLEITIMPL_210526_0335_20000000011502952926_000.jpg,2026-05-21,joao
PSP_EXTRATLEITIMPL_220526_0408_20000000007402975572_000.jpg,2026-05-22,joao
PSP_EXTRATLEITIMPL_220526_0408_20000000001952974973_001.jpg,2026-05-22,joao
PSP_EXTRATLEITIMPL_220526_0408_20000000014252960725_000.jpg,2026-05-22,joao
PSP_EXTRATLEITIMPL_030726_0121_20000000016002970937_000.jpg,2026-07-03,joao
PSP_EXTRATLEITIMPL_200526_0352_20000000006802983404_000.jpg,2026-05-20,joao
PSP_EXTRATLEITIMPL_220526_0408_20000000019952988294_000.jpg,2026-05-22,joao
PSP_EXTRATLEITIMPL_030726_0121_20000000000102976740_000.jpg,2026-07-03,joao
PSP_EXTRATLEITIMPL_220526_0408_20000000006902981181_000.jpg,2026-05-22,joao
PSP_EXTRATLEITIMPL_210526_0335_20000000018852980528_000.jpg,2026-05-21,joao
PSP_EXTRATLEITIMPL_030726_0121_20000000018402999567_000.jpg,2026-07-03,joao
PSP_EXTRATLEITIMPL_200526_0352_20000000005102996602_000.jpg,2026-05-20,joao
PSP_EXTRATLEITIMPL_220526_0408_20000000006302978772_000.jpg,2026-05-22,joao
PSP_EXTRATLEITIMPL_200526_0352_20000000006152975763_000.jpg,2026-05-20,joao
PSP_EXTRATLEITIMPL_210526_0335_20000000005752958983_000.jpg,2026-05-21,joao
PSP_EXTRATLEITIMPL_210526_0335_20000000010352972662_000.jpg,2026-05-21,joao
PSP_EXTRATLEITIMPL_200526_0352_20000000017902974749_000.jpg,2026-05-20,joao
PSP_EXTRATLEITIMPL_030726_0121_20000000015502992315_000.jpg,2026-07-03,joao
PSP_EXTRATLEITIMPL_030726_0121_20000000000353002501_000.jpg,2026-07-03,joao
PSP_EXTRATLEITIMPL_210526_0335_20000000004002962968_000.jpg,2026-05-21,joao
PSP_EXTRATLEITIMPL_210526_0335_20000000013402966955_000.jpg,2026-05-21,joao
PSP_EXTRATLEITIMPL_030726_0121_20000000013202982716_000.jpg,2026-07-03,joao
PSP_EXTRATLEITIMPL_210526_0335_20000000015802963154_000.jpg,2026-05-21,joao
PSP_EXTRATLEITIMPL_220526_0408_20000000003152984825_000.jpg,2026-05-22,joao
PSP_EXTRATLEITIMPL_220526_0408_20000000008902965605_000.jpg,2026-05-22,joao
PSP_EXTRATLEITIMPL_220526_0408_20000000004052984841_000.jpg,2026-05-22,joao
PSP_EXTRATLEITIMPL_200526_0352_20000000004652987521_000.jpg,2026-05-20,joao
PSP_EXTRATLEITIMPL_030726_0121_20000000015802990021_000.jpg,2026-07-03,joao
PSP_EXTRATLEITIMPL_210526_0335_20000000000952965417_000.jpg,2026-05-21,joao
PSP_EXTRATLEITIMPL_030726_0121_20000000000602995170_000.jpg,2026-07-03,joao
PSP_EXTRATLEITIMPL_030726_0121_20000000011503008006_000.jpg,2026-07-03,joao
PSP_EXTRATLEITIMPL_200526_0352_20000000001552976827_000.jpg,2026-05-20,joao
PSP_EXTRATLEITIMPL_220526_0408_20000000005102994721_000.jpg,2026-05-22,joao
PSP_EXTRATLEITIMPL_220526_0408_20000000017252985743_000.jpg,2026-05-22,joao
PSP_EXTRATLEITIMPL_030726_0121_20000000000252993806_000.jpg,2026-07-03,joao
PSP_EXTRATLEITIMPL_030726_0121_20000000007752987882_000.jpg,2026-07-03,joao
PSP_EXTRATLEITIMPL_220526_0408_20000000002453000008_000.jpg,2026-05-22,joao
PSP_EXTRATLEITIMPL_220526_0408_20000000012102983302_000.jpg,2026-05-22,joao
PSP_EXTRATLEITIMPL_210526_0335_20000000011302964826_000.jpg,2026-05-21,joao
PSP_EXTRATLEITIMPL_220526_0408_20000000002902994077_000.jpg,2026-05-22,joao
PSP_EXTRATLEITIMPL_220526_0408_20000000018202976682_000.jpg,2026-05-22,joao
PSP_EXTRATLEITIMPL_200526_0352_20000000007702973817_000.jpg,2026-05-20,joao
PSP_EXTRATLEITIMPL_200526_0352_20000000002552976586_000.jpg,2026-05-20,joao
PSP_EXTRATLEITIMPL_030726_0121_20000000012402981543_000.jpg,2026-07-03,joao
PSP_EXTRATLEITIMPL_030726_0121_20000000014652993507_002.jpg,2026-07-03,joao
PSP_EXTRATLEITIMPL_210526_0335_20000000013902968808_000.jpg,2026-05-21,henrique
PSP_EXTRATLEITIMPL_220526_0408_20000000008002964776_000.jpg,2026-05-22,henrique
PSP_EXTRATLEITIMPL_220526_0408_20000000013452987014_000.jpg,2026-05-22,henrique
PSP_EXTRATLEITIMPL_200526_0352_20000000008702982522_000.jpg,2026-05-20,henrique
PSP_EXTRATLEITIMPL_220526_0408_20000000014302973456_000.jpg,2026-05-22,henrique
PSP_EXTRATLEITIMPL_220526_0408_20000000005652982207_000.jpg,2026-05-22,henrique
PSP_EXTRATLEITIMPL_210526_0335_20000000012402972372_000.jpg,2026-05-21,henrique
PSP_EXTRATLEITIMPL_220526_0408_20000000005802964937_000.jpg,2026-05-22,henrique
PSP_EXTRATLEITIMPL_200526_0352_20000000004752990785_000.jpg,2026-05-20,henrique
PSP_EXTRATLEITIMPL_220526_0408_20000000012102982272_000.jpg,2026-05-22,henrique
PSP_EXTRATLEITIMPL_200526_0352_20000000008752966675_000.jpg,2026-05-20,henrique
PSP_EXTRATLEITIMPL_210526_0335_20000000004002978374_000.jpg,2026-05-21,henrique
PSP_EXTRATLEITIMPL_210526_0335_20000000000452952881_000.jpg,2026-05-21,henrique
PSP_EXTRATLEITIMPL_220526_0408_20000000003552996007_000.jpg,2026-05-22,henrique
PSP_EXTRATLEITIMPL_030726_0121_20000000008703003488_000.jpg,2026-07-03,henrique
PSP_EXTRATLEITIMPL_200526_0352_20000000016702998457_000.jpg,2026-05-20,henrique
PSP_EXTRATLEITIMPL_030726_0121_20000000004903012106_000.jpg,2026-07-03,henrique
PSP_EXTRATLEITIMPL_200526_0352_20000000014502973295_000.jpg,2026-05-20,henrique
PSP_EXTRATLEITIMPL_030726_0121_20000000003153021176_000.jpg,2026-07-03,henrique
PSP_EXTRATLEITIMPL_220526_0408_20000000009402941963_000.jpg,2026-05-22,henrique
PSP_EXTRATLEITIMPL_200526_0352_20000000018052954938_000.jpg,2026-05-20,henrique
PSP_EXTRATLEITIMPL_220526_0408_20000000008552969825_000.jpg,2026-05-22,henrique
PSP_EXTRATLEITIMPL_210526_0335_20000000014202964429_000.jpg,2026-05-21,henrique
PSP_EXTRATLEITIMPL_030726_0121_20000000018402994612_000.jpg,2026-07-03,henrique
PSP_EXTRATLEITIMPL_200526_0352_20000000000952945893_000.jpg,2026-05-20,henrique
PSP_EXTRATLEITIMPL_200526_0352_20000000009402948867_000.jpg,2026-05-20,henrique
PSP_EXTRATLEITIMPL_220526_0408_20000000014602986335_000.jpg,2026-05-22,henrique
PSP_EXTRATLEITIMPL_030726_0121_20000000010452997028_000.jpg,2026-07-03,henrique
PSP_EXTRATLEITIMPL_210526_0335_20000000015202969876_000.jpg,2026-05-21,henrique
PSP_EXTRATLEITIMPL_200526_0352_20000000008702979626_000.jpg,2026-05-20,henrique
PSP_EXTRATLEITIMPL_210526_0335_20000000019802984792_000.jpg,2026-05-21,henrique
PSP_EXTRATLEITIMPL_210526_0335_20000000011152955969_000.jpg,2026-05-21,henrique
PSP_EXTRATLEITIMPL_200526_0352_20000000004853002601_000.jpg,2026-05-20,henrique
PSP_EXTRATLEITIMPL_220526_0408_20000000005452971724_000.jpg,2026-05-22,henrique
PSP_EXTRATLEITIMPL_200526_0352_20000000008552968686_000.jpg,2026-05-20,henrique
PSP_EXTRATLEITIMPL_200526_0352_20000000007902968870_000.jpg,2026-05-20,henrique
PSP_EXTRATLEITIMPL_210526_0335_20000000000202969150_000.jpg,2026-05-21,henrique
PSP_EXTRATLEITIMPL_200526_0352_20000000015052968104_000.jpg,2026-05-20,henrique
PSP_EXTRATLEITIMPL_210526_0335_20000000019152977761_000.jpg,2026-05-21,henrique
PSP_EXTRATLEITIMPL_030726_0121_20000000001052982754_000.jpg,2026-07-03,henrique
PSP_EXTRATLEITIMPL_220526_0408_20000000000002992373_000.jpg,2026-05-22,henrique
PSP_EXTRATLEITIMPL_220526_0408_20000000018752974794_000.jpg,2026-05-22,henrique
PSP_EXTRATLEITIMPL_210526_0335_20000000012602977498_000.jpg,2026-05-21,henrique
PSP_EXTRATLEITIMPL_210526_0335_20000000004402979532_000.jpg,2026-05-21,henrique
PSP_EXTRATLEITIMPL_210526_0335_20000000009452975147_000.jpg,2026-05-21,henrique
PSP_EXTRATLEITIMPL_030726_0121_20000000004853033224_000.jpg,2026-07-03,henrique
PSP_EXTRATLEITIMPL_210526_0335_20000000019602985068_000.jpg,2026-05-21,henrique
PSP_EXTRATLEITIMPL_220526_0408_20000000002352978592_000.jpg,2026-05-22,henrique
PSP_EXTRATLEITIMPL_030726_0121_20000000006953009285_000.jpg,2026-07-03,henrique
PSP_EXTRATLEITIMPL_210526_0335_20000000016502957812_000.jpg,2026-05-21,henrique
PSP_EXTRATLEITIMPL_210526_0335_20000000003052971928_000.jpg,2026-05-21,henrique
PSP_EXTRATLEITIMPL_220526_0408_20000000004552982531_000.jpg,2026-05-22,henrique
PSP_EXTRATLEITIMPL_200526_0352_20000000016102964230_000.jpg,2026-05-20,henrique
PSP_EXTRATLEITIMPL_200526_0352_00000000000211756741_000.jpg,2026-05-20,henrique
PSP_EXTRATLEITIMPL_030726_0121_20000000003103024021_000.jpg,2026-07-03,henrique
PSP_EXTRATLEITIMPL_030726_0121_20000000004403004434_000.jpg,2026-07-03,henrique
PSP_EXTRATLEITIMPL_220526_0408_20000000010552953917_000.jpg,2026-05-22,henrique
PSP_EXTRATLEITIMPL_030726_0121_20000000001653015099_000.jpg,2026-07-03,henrique
PSP_EXTRATLEITIMPL_200526_0352_20000000014952954798_000.jpg,2026-05-20,henrique
PSP_EXTRATLEITIMPL_200526_0352_20000000010452963732_000.jpg,2026-05-20,henrique
PSP_EXTRATLEITIMPL_200526_0352_20000000001552972854_000.jpg,2026-05-20,henrique
PSP_EXTRATLEITIMPL_210526_0335_20000000001252977765_000.jpg,2026-05-21,henrique
PSP_EXTRATLEITIMPL_200526_0352_20000000011152953892_000.jpg,2026-05-20,henrique
PSP_EXTRATLEITIMPL_030726_0121_20000000017753018138_000.jpg,2026-07-03,henrique
PSP_EXTRATLEITIMPL_210526_0335_20000000008352983605_000.jpg,2026-05-21,henrique
PSP_EXTRATLEITIMPL_220526_0408_20000000014652963975_000.jpg,2026-05-22,henrique
PSP_EXTRATLEITIMPL_030726_0121_20000000007203016058_000.jpg,2026-07-03,henrique
PSP_EXTRATLEITIMPL_030726_0121_20000000012602987715_000.jpg,2026-07-03,henrique
PSP_EXTRATLEITIMPL_030726_0121_20000000008902996134_000.jpg,2026-07-03,henrique
PSP_EXTRATLEITIMPL_210526_0335_20000000016502964466_000.jpg,2026-05-21,henrique
PSP_EXTRATLEITIMPL_030726_0121_20000000011602978528_000.jpg,2026-07-03,henrique
PSP_EXTRATLEITIMPL_200526_0352_20000000014552970590_000.jpg,2026-05-20,henrique
PSP_EXTRATLEITIMPL_200526_0352_20000000010252953792_000.jpg,2026-05-20,henrique
PSP_EXTRATLEITIMPL_220526_0408_20000000003852987072_000.jpg,2026-05-22,henrique
PSP_EXTRATLEITIMPL_030726_0121_20000000010502985544_000.jpg,2026-07-03,henrique
PSP_EXTRATLEITIMPL_210526_0335_20000000016902993569_000.jpg,2026-05-21,henrique
PSP_EXTRATLEITIMPL_200526_0352_20000000007802967861_000.jpg,2026-05-20,henrique
PSP_EXTRATLEITIMPL_210526_0335_20000000019802987691_000.jpg,2026-05-21,henrique
PSP_EXTRATLEITIMPL_030726_0121_20000000017653011611_000.jpg,2026-07-03,henrique
PSP_EXTRATLEITIMPL_200526_0352_20000000019452986378_000.jpg,2026-05-20,henrique
PSP_EXTRATLEITIMPL_030726_0121_20000000018903007513_000.jpg,2026-07-03,henrique
PSP_EXTRATLEITIMPL_200526_0352_20000000010652963630_000.jpg,2026-05-20,henrique
PSP_EXTRATLEITIMPL_210526_0335_20000000012602972768_000.jpg,2026-05-21,henrique
PSP_EXTRATLEITIMPL_210526_0335_20000000019052986059_000.jpg,2026-05-21,henrique
PSP_EXTRATLEITIMPL_200526_0352_20000000003002988084_000.jpg,2026-05-20,henrique
PSP_EXTRATLEITIMPL_030726_0121_20000000011653000409_000.jpg,2026-07-03,henrique
PSP_EXTRATLEITIMPL_210526_0335_20000000002902988308_000.jpg,2026-05-21,henrique
PSP_EXTRATLEITIMPL_030726_0121_20000000001252992676_000.jpg,2026-07-03,henrique
PSP_EXTRATLEITIMPL_200526_0352_20000000012202952946_000.jpg,2026-05-20,henrique
PSP_EXTRATLEITIMPL_030726_0121_20000000004553008343_000.jpg,2026-07-03,henrique
PSP_EXTRATLEITIMPL_220526_0408_20000000012952962523_000.jpg,2026-05-22,henrique
PSP_EXTRATLEITIMPL_200526_0352_20000000019552986724_000.jpg,2026-05-20,henrique
PSP_EXTRATLEITIMPL_220526_0408_20000000010452969479_000.jpg,2026-05-22,henrique
PSP_EXTRATLEITIMPL_030726_0121_20000000018952987863_000.jpg,2026-07-03,henrique
PSP_EXTRATLEITIMPL_030726_0121_20000000018653009678_000.jpg,2026-07-03,henrique
PSP_EXTRATLEITIMPL_210526_0335_20000000006502990558_000.jpg,2026-05-21,henrique
PSP_EXTRATLEITIMPL_220526_0408_20000000010502971624_000.jpg,2026-05-22,henrique
PSP_EXTRATLEITIMPL_210526_0335_20000000009102962782_000.jpg,2026-05-21,henrique
PSP_EXTRATLEITIMPL_200526_0352_20000000002352964956_000.jpg,2026-05-20,henrique
PSP_EXTRATLEITIMPL_200526_0352_20000000001052964876_000.jpg,2026-05-20,henrique
