nome_arquivo,lote,cena,reflexo,fora_de_foco,tampa_suja,enquadramento,display_apagado
PSP_EXTRATLEITIMPL_210526_0335_20000000018952975770_000.jpg,2026-05-21,cena_ocorrencia,0,0,0,0,0
PSP_EXTRATLEITIMPL_220526_0408_20000000002252972958_000.jpg,2026-05-22,digital,1,1,0,0,0
PSP_EXTRATLEITIMPL_220526_0408_20000000003952978193_000.jpg,2026-05-22,ciclometrico,0,1,1,0,0
PSP_EXTRATLEITIMPL_030726_0121_20000000014352974473_000.jpg,2026-07-03,cena_ocorrencia,0,0,0,0,0
PSP_EXTRATLEITIMPL_200526_0352_20000000013702975237_000.jpg,2026-05-20,digital,1,1,1,1,0
PSP_EXTRATLEITIMPL_220526_0408_20000000017403004010_000.jpg,2026-05-22,digital,1,1,1,1,0
PSP_EXTRATLEITIMPL_220526_0408_20000000003252989772_000.jpg,2026-05-22,digital,1,0,0,0,0
PSP_EXTRATLEITIMPL_220526_0408_20000000016452986277_003.jpg,2026-05-22,digital,1,1,0,0,0
PSP_EXTRATLEITIMPL_210526_0335_20000000012802981152_000.jpg,2026-05-21,ciclometrico,1,0,0,0,0
PSP_EXTRATLEITIMPL_200526_0352_20000000001102961897_000.jpg,2026-05-20,digital,1,1,0,1,0
PSP_EXTRATLEITIMPL_030726_0121_20000000003052996673_000.jpg,2026-07-03,digital,1,1,0,0,0
PSP_EXTRATLEITIMPL_200526_0352_20000000006102978611_000.jpg,2026-05-20,digital,1,0,0,0,0
PSP_EXTRATLEITIMPL_030726_0121_20000000008852998413_000.jpg,2026-07-03,digital,0,0,0,0,1
PSP_EXTRATLEITIMPL_220526_0408_20000000010002982274_000.jpg,2026-05-22,digital,0,1,1,1,0
PSP_EXTRATLEITIMPL_210526_0335_20000000010252958678_001.jpg,2026-05-21,digital,1,0,0,0,0
PSP_EXTRATLEITIMPL_200526_0352_20000000001602992226_000.jpg,2026-05-20,digital,0,1,0,0,0
PSP_EXTRATLEITIMPL_030726_0121_20000000002702994720_000.jpg,2026-07-03,ciclometrico,1,1,1,0,0
PSP_EXTRATLEITIMPL_030726_0121_20000000017753004644_000.jpg,2026-07-03,cena_ocorrencia,0,0,0,0,0
PSP_EXTRATLEITIMPL_030726_0121_20000000003952989628_000.jpg,2026-07-03,ciclometrico,0,1,1,0,0
PSP_EXTRATLEITIMPL_210526_0335_20000000002952979717_000.jpg,2026-05-21,ciclometrico,0,1,1,0,0
PSP_EXTRATLEITIMPL_220526_0408_20000000007202987393_000.jpg,2026-05-22,digital,0,1,0,1,0
PSP_EXTRATLEITIMPL_200526_0352_20000000013702978020_000.jpg,2026-05-20,digital,0,1,1,0,1
PSP_EXTRATLEITIMPL_220526_0408_20000000018502985124_000.jpg,2026-05-22,digital,0,1,1,1,1
PSP_EXTRATLEITIMPL_030726_0121_20000000018402980998_000.jpg,2026-07-03,digital,0,0,0,0,1
PSP_EXTRATLEITIMPL_210526_0335_20000000000252987453_000.jpg,2026-05-21,ciclometrico,0,0,0,0,1
PSP_EXTRATLEITIMPL_210526_0335_20000000006802989154_000.jpg,2026-05-21,cena_ocorrencia,0,0,0,0,0
PSP_EXTRATLEITIMPL_210526_0335_20000000019102957953_000.jpg,2026-05-21,digital,0,1,1,0,0
PSP_EXTRATLEITIMPL_200526_0352_20000000006052970705_000.jpg,2026-05-20,ciclometrico,0,0,1,0,0
PSP_EXTRATLEITIMPL_220526_0408_20000000015402957868_000.jpg,2026-05-22,digital,0,1,0,1,0
