nome_arquivo,lote
PSP_EXTRATLEITIMPL_210526_0335_20000000017502970909_000.jpg,2026-05-21
PSP_EXTRATLEITIMPL_210526_0335_20000000013202954904_000.jpg,2026-05-21
PSP_EXTRATLEITIMPL_030726_0121_20000000016353006004_000.jpg,2026-07-03
PSP_EXTRATLEITIMPL_200526_0352_20000000010402952856_000.jpg,2026-05-20
PSP_EXTRATLEITIMPL_030726_0121_20000000006053000342_000.jpg,2026-07-03
PSP_EXTRATLEITIMPL_210526_0335_20000000011152965773_000.jpg,2026-05-21
PSP_EXTRATLEITIMPL_030726_0121_20000000008952978509_000.jpg,2026-07-03
PSP_EXTRATLEITIMPL_030726_0121_20000000013602990534_000.jpg,2026-07-03
PSP_EXTRATLEITIMPL_030726_0121_20000000006352992729_000.jpg,2026-07-03
PSP_EXTRATLEITIMPL_210526_0335_20000000009652975382_000.jpg,2026-05-21
PSP_EXTRATLEITIMPL_210526_0335_20000000005552983025_000.jpg,2026-05-21
PSP_EXTRATLEITIMPL_030726_0121_20000000008103014177_000.jpg,2026-07-03
PSP_EXTRATLEITIMPL_220526_0408_20000000019652992001_000.jpg,2026-05-22
PSP_EXTRATLEITIMPL_200526_0352_20000000009252966695_000.jpg,2026-05-20
PSP_EXTRATLEITIMPL_200526_0352_20000000003652984676_000.jpg,2026-05-20
PSP_EXTRATLEITIMPL_220526_0408_20000000006652994037_000.jpg,2026-05-22
PSP_EXTRATLEITIMPL_210526_0335_20000000016202957882_000.jpg,2026-05-21
PSP_EXTRATLEITIMPL_200526_0352_20000000004552978579_000.jpg,2026-05-20
PSP_EXTRATLEITIMPL_030726_0121_20000000003253027177_000.jpg,2026-07-03
PSP_EXTRATLEITIMPL_210526_0335_20000000015702971304_000.jpg,2026-05-21
PSP_EXTRATLEITIMPL_210526_0335_20000000019402976863_000.jpg,2026-05-21
PSP_EXTRATLEITIMPL_030726_0121_20000000015752994174_000.jpg,2026-07-03
PSP_EXTRATLEITIMPL_030726_0121_20000000019953006458_000.jpg,2026-07-03
PSP_EXTRATLEITIMPL_030726_0121_20000000010102988543_000.jpg,2026-07-03
PSP_EXTRATLEITIMPL_200526_0352_20000000012252962840_000.jpg,2026-05-20
PSP_EXTRATLEITIMPL_210526_0335_20000000015302974850_000.jpg,2026-05-21
PSP_EXTRATLEITIMPL_220526_0408_20000000015252988311_000.jpg,2026-05-22
PSP_EXTRATLEITIMPL_220526_0408_20000000017303006024_000.jpg,2026-05-22
PSP_EXTRATLEITIMPL_210526_0335_20000000013902975503_000.jpg,2026-05-21
PSP_EXTRATLEITIMPL_220526_0408_20000000017403004013_000.jpg,2026-05-22
PSP_EXTRATLEITIMPL_030726_0121_20000000000003015339_000.jpg,2026-07-03
PSP_EXTRATLEITIMPL_030726_0121_20000000015602996517_000.jpg,2026-07-03
PSP_EXTRATLEITIMPL_210526_0335_20000000003852988015_000.jpg,2026-05-21
PSP_EXTRATLEITIMPL_220526_0408_20000000018902980759_000.jpg,2026-05-22
PSP_EXTRATLEITIMPL_210526_0335_20000000000002992358_000.jpg,2026-05-21
PSP_EXTRATLEITIMPL_210526_0335_20000000015652956910_001.jpg,2026-05-21
PSP_EXTRATLEITIMPL_030726_0121_20000000013103010092_000.jpg,2026-07-03
PSP_EXTRATLEITIMPL_220526_0408_20000000002252981663_000.jpg,2026-05-22
PSP_EXTRATLEITIMPL_200526_0352_20000000007802987168_000.jpg,2026-05-20
PSP_EXTRATLEITIMPL_200526_0352_20000000010402964378_000.jpg,2026-05-20
PSP_EXTRATLEITIMPL_200526_0352_20000000006702968892_000.jpg,2026-05-20
PSP_EXTRATLEITIMPL_200526_0352_20000000009102975085_000.jpg,2026-05-20
PSP_EXTRATLEITIMPL_220526_0408_20000000017452969917_000.jpg,2026-05-22
PSP_EXTRATLEITIMPL_200526_0352_20000000011802964883_000.jpg,2026-05-20
PSP_EXTRATLEITIMPL_200526_0352_20000000013752964727_000.jpg,2026-05-20
PSP_EXTRATLEITIMPL_220526_0408_20000000019802980908_000.jpg,2026-05-22
PSP_EXTRATLEITIMPL_210526_0335_20000000001002973036_000.jpg,2026-05-21
PSP_EXTRATLEITIMPL_200526_0352_20000000017602980118_000.jpg,2026-05-20
PSP_EXTRATLEITIMPL_220526_0408_20000000009402941958_000.jpg,2026-05-22
PSP_EXTRATLEITIMPL_220526_0408_20000000001502967891_000.jpg,2026-05-22
PSP_EXTRATLEITIMPL_200526_0352_20000000007052960941_000.jpg,2026-05-20
PSP_EXTRATLEITIMPL_220526_0408_20000000005452984065_000.jpg,2026-05-22
PSP_EXTRATLEITIMPL_210526_0335_20000000013052969547_000.jpg,2026-05-21
PSP_EXTRATLEITIMPL_220526_0408_20000000015602967916_000.jpg,2026-05-22
PSP_EXTRATLEITIMPL_220526_0408_20000000007402973680_000.jpg,2026-05-22
PSP_EXTRATLEITIMPL_210526_0335_20000000011502952926_000.jpg,2026-05-21
PSP_EXTRATLEITIMPL_220526_0408_20000000007402975572_000.jpg,2026-05-22
PSP_EXTRATLEITIMPL_220526_0408_20000000001952974973_001.jpg,2026-05-22
PSP_EXTRATLEITIMPL_220526_0408_20000000014252960725_000.jpg,2026-05-22
PSP_EXTRATLEITIMPL_030726_0121_20000000016002970937_000.jpg,2026-07-03
PSP_EXTRATLEITIMPL_200526_0352_20000000006802983404_000.jpg,2026-05-20
PSP_EXTRATLEITIMPL_220526_0408_20000000019952988294_000.jpg,2026-05-22
PSP_EXTRATLEITIMPL_030726_0121_20000000000102976740_000.jpg,2026-07-03
PSP_EXTRATLEITIMPL_220526_0408_20000000006902981181_000.jpg,2026-05-22
PSP_EXTRATLEITIMPL_210526_0335_20000000018852980528_000.jpg,2026-05-21
PSP_EXTRATLEITIMPL_030726_0121_20000000018402999567_000.jpg,2026-07-03
PSP_EXTRATLEITIMPL_200526_0352_20000000005102996602_000.jpg,2026-05-20
PSP_EXTRATLEITIMPL_220526_0408_20000000006302978772_000.jpg,2026-05-22
PSP_EXTRATLEITIMPL_200526_0352_20000000006152975763_000.jpg,2026-05-20
PSP_EXTRATLEITIMPL_210526_0335_20000000005752958983_000.jpg,2026-05-21
PSP_EXTRATLEITIMPL_210526_0335_20000000010352972662_000.jpg,2026-05-21
PSP_EXTRATLEITIMPL_200526_0352_20000000017902974749_000.jpg,2026-05-20
PSP_EXTRATLEITIMPL_030726_0121_20000000015502992315_000.jpg,2026-07-03
PSP_EXTRATLEITIMPL_030726_0121_20000000000353002501_000.jpg,2026-07-03
PSP_EXTRATLEITIMPL_210526_0335_20000000004002962968_000.jpg,2026-05-21
PSP_EXTRATLEITIMPL_210526_0335_20000000013402966955_000.jpg,2026-05-21
PSP_EXTRATLEITIMPL_030726_0121_20000000013202982716_000.jpg,2026-07-03
PSP_EXTRATLEITIMPL_210526_0335_20000000015802963154_000.jpg,2026-05-21
PSP_EXTRATLEITIMPL_220526_0408_20000000003152984825_000.jpg,2026-05-22
PSP_EXTRATLEITIMPL_220526_0408_20000000008902965605_000.jpg,2026-05-22
PSP_EXTRATLEITIMPL_220526_0408_20000000004052984841_000.jpg,2026-05-22
PSP_EXTRATLEITIMPL_200526_0352_20000000004652987521_000.jpg,2026-05-20
PSP_EXTRATLEITIMPL_030726_0121_20000000015802990021_000.jpg,2026-07-03
PSP_EXTRATLEITIMPL_210526_0335_20000000000952965417_000.jpg,2026-05-21
PSP_EXTRATLEITIMPL_030726_0121_20000000000602995170_000.jpg,2026-07-03
PSP_EXTRATLEITIMPL_030726_0121_20000000011503008006_000.jpg,2026-07-03
PSP_EXTRATLEITIMPL_200526_0352_20000000001552976827_000.jpg,2026-05-20
PSP_EXTRATLEITIMPL_220526_0408_20000000005102994721_000.jpg,2026-05-22
PSP_EXTRATLEITIMPL_220526_0408_20000000017252985743_000.jpg,2026-05-22
PSP_EXTRATLEITIMPL_030726_0121_20000000000252993806_000.jpg,2026-07-03
PSP_EXTRATLEITIMPL_030726_0121_20000000007752987882_000.jpg,2026-07-03
PSP_EXTRATLEITIMPL_220526_0408_20000000002453000008_000.jpg,2026-05-22
PSP_EXTRATLEITIMPL_220526_0408_20000000012102983302_000.jpg,2026-05-22
PSP_EXTRATLEITIMPL_210526_0335_20000000011302964826_000.jpg,2026-05-21
PSP_EXTRATLEITIMPL_220526_0408_20000000002902994077_000.jpg,2026-05-22
PSP_EXTRATLEITIMPL_220526_0408_20000000018202976682_000.jpg,2026-05-22
PSP_EXTRATLEITIMPL_200526_0352_20000000007702973817_000.jpg,2026-05-20
PSP_EXTRATLEITIMPL_200526_0352_20000000002552976586_000.jpg,2026-05-20
PSP_EXTRATLEITIMPL_030726_0121_20000000012402981543_000.jpg,2026-07-03
PSP_EXTRATLEITIMPL_030726_0121_20000000014652993507_002.jpg,2026-07-03
