nome_arquivo,lote,rotulador,cena,reflexo,fora_de_foco,tampa_suja,enquadramento,display_apagado
PSP_EXTRATLEITIMPL_030726_0121_20000000010753011003_000.jpg,2026-07-03,henrique,digital,1,1,0,0,0
PSP_EXTRATLEITIMPL_220526_0408_20000000009252967784_000.jpg,2026-05-22,henrique,digital,0,0,0,0,0
PSP_EXTRATLEITIMPL_210526_0335_20000000000852961770_000.jpg,2026-05-21,henrique,digital,0,1,0,0,0
PSP_EXTRATLEITIMPL_210526_0335_20000000017402994437_000.jpg,2026-05-21,henrique,digital,0,0,0,0,1
PSP_EXTRATLEITIMPL_200526_0352_20000000003752966746_000.jpg,2026-05-20,henrique,ciclometrico,1,0,0,1,0
PSP_EXTRATLEITIMPL_030726_0121_20000000017153019371_000.jpg,2026-07-03,henrique,digital,1,0,0,0,0
PSP_EXTRATLEITIMPL_210526_0335_20000000010602961748_000.jpg,2026-05-21,henrique,ciclometrico,0,0,0,0,0
PSP_EXTRATLEITIMPL_220526_0408_20000000004803003104_000.jpg,2026-05-22,henrique,digital,0,1,0,0,0
PSP_EXTRATLEITIMPL_210526_0335_20000000014452960789_000.jpg,2026-05-21,henrique,ciclometrico,0,1,0,0,0
PSP_EXTRATLEITIMPL_200526_0352_20000000005252998718_000.jpg,2026-05-20,henrique,nao_medidor,0,0,0,0,0
PSP_EXTRATLEITIMPL_210526_0335_20000000012952956750_000.jpg,2026-05-21,henrique,digital,0,0,0,0,0
PSP_EXTRATLEITIMPL_030726_0121_20000000011952973966_001.jpg,2026-07-03,henrique,digital,0,0,0,0,0
PSP_EXTRATLEITIMPL_200526_0352_20000000017652987608_000.jpg,2026-05-20,henrique,ciclometrico,0,1,1,0,0
PSP_EXTRATLEITIMPL_210526_0335_20000000010752960878_000.jpg,2026-05-21,henrique,digital,1,1,0,0,0
PSP_EXTRATLEITIMPL_030726_0121_20000000011352981441_000.jpg,2026-07-03,henrique,digital,0,0,1,0,0
PSP_EXTRATLEITIMPL_030726_0121_20000000014202971791_000.jpg,2026-07-03,henrique,digital,0,1,1,0,0
PSP_EXTRATLEITIMPL_200526_0352_20000000017702989562_000.jpg,2026-05-20,henrique,ciclometrico,1,0,0,0,0
PSP_EXTRATLEITIMPL_220526_0408_20000000013202979089_000.jpg,2026-05-22,henrique,cena_ocorrencia,0,0,0,0,0
PSP_EXTRATLEITIMPL_200526_0352_20000000005102996596_000.jpg,2026-05-20,henrique,digital,0,0,0,0,1
PSP_EXTRATLEITIMPL_220526_0408_20000000005552982073_001.jpg,2026-05-22,henrique,digital,1,0,0,0,0
PSP_EXTRATLEITIMPL_030726_0121_20000000000353005311_000.jpg,2026-07-03,henrique,digital,0,0,0,0,0
PSP_EXTRATLEITIMPL_220526_0408_20000000009802974007_000.jpg,2026-05-22,henrique,ciclometrico,0,1,1,1,0
PSP_EXTRATLEITIMPL_200526_0352_20000000012402952890_000.jpg,2026-05-20,henrique,digital,1,0,0,0,0
PSP_EXTRATLEITIMPL_220526_0408_20000000011252975016_000.jpg,2026-05-22,henrique,digital,0,0,0,0,0
PSP_EXTRATLEITIMPL_200526_0352_20000000008852966891_000.jpg,2026-05-20,henrique,digital,0,1,1,0,0
PSP_EXTRATLEITIMPL_220526_0408_20000000002452987659_000.jpg,2026-05-22,henrique,digital,0,1,1,1,0
PSP_EXTRATLEITIMPL_210526_0335_20000000013052959854_001.jpg,2026-05-21,henrique,digital,1,0,0,0,0
PSP_EXTRATLEITIMPL_030726_0121_20000000002752997633_000.jpg,2026-07-03,henrique,digital,0,0,0,0,0
PSP_EXTRATLEITIMPL_210526_0335_20000000014702962811_000.jpg,2026-05-21,henrique,digital,0,0,1,0,0
PSP_EXTRATLEITIMPL_200526_0352_20000000002302964895_000.jpg,2026-05-20,henrique,digital,0,0,0,1,0
